日時,datacount
2021/3/31 20:19,1
2021/3/31 19:28,1
2021/3/31 16:02,1
2021/3/31 11:02,1
2021/3/30 18:01,1
2021/3/30 14:51,1
2021/3/30 14:41,1
2021/3/30 13:29,1
2021/3/30 11:48,1
2021/3/30 11:33,1
2021/3/30 10:05,1
2021/3/30 8:18,1
2021/3/30 7:19,1
2021/3/29 17:54,1
2021/3/29 16:30,1
2021/3/29 11:12,1
2021/3/29 9:57,1
2021/3/29 7:28,1
2021/3/28 20:25,1
2021/3/26 21:16,1
2021/3/26 20:56,1
2021/3/26 20:09,1
2021/3/26 19:09,1
2021/3/26 17:42,1
2021/3/26 15:31,1
2021/3/26 12:09,1
2021/3/26 11:34,1
2021/3/26 11:23,1
2021/3/26 11:10,1
2021/3/26 10:47,1
2021/3/26 10:45,1
2021/3/26 10:44,1
2021/3/26 10:36,1
2021/3/26 9:56,1
2021/3/25 20:56,1
2021/3/25 17:49,1
2021/3/25 17:48,1
2021/3/25 17:40,1
2021/3/25 16:22,1
2021/3/25 16:02,1
2021/3/25 15:35,1
2021/3/25 14:18,1
2021/3/25 13:58,1
2021/3/25 11:59,1
2021/3/25 9:27,1
2021/3/24 22:45,1
2021/3/24 19:39,1
2021/3/24 18:26,1
2021/3/24 18:09,1
2021/3/24 17:00,1
2021/3/24 16:17,1
2021/3/24 15:55,1
2021/3/24 15:51,1
2021/3/24 13:50,1
2021/3/24 9:53,1
2021/3/24 9:33,1
2021/3/23 17:21,1
2021/3/23 16:17,1
2021/3/23 16:16,1
2021/3/23 14:43,1
2021/3/23 13:27,1
2021/3/23 11:15,1
2021/3/23 10:29,1
2021/3/22 20:38,1
2021/3/22 20:14,1
2021/3/22 16:06,1
2021/3/22 13:34,1
2021/3/22 12:28,1
2021/3/22 11:39,1
2021/3/22 11:01,1
2021/3/22 9:41,1
2021/3/20 19:02,1
2021/3/20 12:10,1
2021/3/19 17:42,1
2021/3/19 14:55,1
2021/3/19 14:29,1
2021/3/19 13:02,1
2021/3/19 9:34,1
2021/3/18 21:53,1
2021/3/18 20:18,1
2021/3/18 19:30,1
2021/3/18 18:48,1
2021/3/18 15:04,1
2021/3/18 14:44,1
2021/3/18 13:56,1
2021/3/18 11:40,1
2021/3/18 11:08,1
2021/3/18 11:02,1
2021/3/17 16:35,1
2021/3/17 16:10,1
2021/3/17 14:53,1
2021/3/17 14:16,1
2021/3/17 13:49,1
2021/3/17 11:21,1
2021/3/17 10:17,1
2021/3/16 20:22,1
2021/3/16 18:41,1
2021/3/16 16:37,1
2021/3/16 15:42,1
2021/3/16 13:59,1
2021/3/16 13:49,1
2021/3/16 12:10,1
2021/3/16 12:09,1
2021/3/16 10:44,1
2021/3/15 19:46,1
2021/3/15 19:30,1
2021/3/15 17:16,1
2021/3/15 15:53,1
2021/3/15 13:47,1
2021/3/15 11:52,1
2021/3/15 11:50,1
2021/3/15 11:12,1
2021/3/15 10:22,1
2021/3/15 10:09,1
2021/3/15 9:51,1
2021/3/12 16:13,1
2021/3/12 11:52,1
2021/3/12 11:42,1
2021/3/12 11:38,1
2021/3/12 9:58,1
2021/3/11 19:45,1
2021/3/11 19:11,1
2021/3/11 15:57,1
2021/3/11 15:43,1
2021/3/11 14:44,1
2021/3/11 13:47,1
2021/3/11 11:48,1
2021/3/11 9:10,1
2021/3/10 17:25,1
2021/3/10 17:19,1
2021/3/10 16:16,1
2021/3/10 16:12,1
2021/3/10 15:10,1
2021/3/10 13:17,1
2021/3/10 13:17,1
2021/3/9 20:14,1
2021/3/9 17:33,1
2021/3/9 17:22,1
2021/3/9 17:02,1
2021/3/9 16:57,1
2021/3/9 14:50,1
2021/3/9 14:09,1
2021/3/9 13:27,1
2021/3/9 11:57,1
2021/3/9 10:54,1
2021/3/9 10:48,1
2021/3/9 10:16,1
2021/3/9 10:08,1
2021/3/9 10:05,1
2021/3/9 10:00,1
2021/3/8 16:03,1
2021/3/8 13:53,1
2021/3/8 11:31,1
2021/3/8 10:06,1
2021/3/5 19:09,1
2021/3/5 18:42,1
2021/3/5 18:10,1
2021/3/5 17:40,1
2021/3/5 16:18,1
2021/3/5 15:18,1
2021/3/5 14:14,1
2021/3/5 12:58,1
2021/3/5 12:22,1
2021/3/5 11:54,1
2021/3/4 21:57,1
2021/3/4 19:46,1
2021/3/4 19:39,1
2021/3/4 18:55,1
2021/3/4 18:50,1
2021/3/4 18:03,1
2021/3/4 15:19,1
2021/3/4 14:27,1
2021/3/4 10:52,1
2021/3/4 8:27,1
2021/3/3 17:23,1
2021/3/3 16:39,1
2021/3/3 15:13,1
2021/3/3 14:47,1
2021/3/3 14:31,1
2021/3/3 14:26,1
2021/3/3 11:17,1
2021/3/2 20:45,1
2021/3/2 18:37,1
2021/3/2 15:23,1
2021/3/2 13:18,1
2021/3/2 9:36,1
2021/3/1 17:00,1
2021/3/1 16:38,1
2021/3/1 14:23,1
2021/3/1 14:20,1
2021/3/1 12:20,1
2021/3/1 11:31,1
2021/3/1 11:02,1
2021/2/26 22:52,1
2021/2/26 21:09,1
2021/2/26 18:51,1
2021/2/26 17:56,1
2021/2/26 13:01,1
2021/2/26 12:37,1
2021/2/26 11:26,1
2021/2/26 11:23,1
2021/2/26 10:00,1
2021/2/26 8:47,1
2021/2/25 23:02,1
2021/2/25 20:59,1
2021/2/25 20:55,1
2021/2/25 20:06,1
2021/2/25 18:47,1
2021/2/25 18:11,1
2021/2/25 18:08,1
2021/2/25 17:44,1
2021/2/25 17:37,1
2021/2/25 15:40,1
2021/2/25 14:24,1
2021/2/25 13:31,1
2021/2/25 12:27,1
2021/2/25 12:20,1
2021/2/25 11:44,1
2021/2/25 2:41,1
2021/2/24 20:44,1
2021/2/24 19:08,1
2021/2/24 15:51,1
2021/2/24 15:37,1
2021/2/24 15:32,1
2021/2/24 14:47,1
2021/2/24 12:08,1
2021/2/24 11:23,1
2021/2/22 20:52,1
2021/2/22 19:28,1
2021/2/22 19:04,1
2021/2/22 17:17,1
2021/2/22 16:14,1
2021/2/22 16:09,1
2021/2/22 15:31,1
2021/2/22 15:22,1
2021/2/22 14:28,1
2021/2/22 10:51,1
2021/2/22 10:49,1
2021/2/22 10:33,1
2021/2/21 9:51,1
2021/2/19 18:59,1
2021/2/19 18:02,1
2021/2/19 17:59,1
2021/2/19 17:37,1
2021/2/19 16:59,1
2021/2/19 16:53,1
2021/2/19 16:41,1
2021/2/19 14:52,1
2021/2/19 14:07,1
2021/2/19 13:42,1
2021/2/19 11:17,1
2021/2/19 10:55,1
2021/2/19 10:29,1
2021/2/19 9:49,1
2021/2/18 21:24,1
2021/2/18 20:16,1
2021/2/18 19:45,1
2021/2/18 16:39,1
2021/2/18 16:35,1
2021/2/18 15:27,1
2021/2/18 9:53,1
2021/2/18 9:52,1
2021/2/18 9:47,1
2021/2/17 20:24,1
2021/2/17 16:41,1
2021/2/17 16:15,1
2021/2/17 15:38,1
2021/2/17 13:31,1
2021/2/17 12:17,1
2021/2/17 10:32,1
2021/2/17 10:12,1
2021/2/17 8:46,1
2021/2/16 21:20,1
2021/2/16 21:11,1
2021/2/16 21:05,1
2021/2/16 19:05,1
2021/2/16 17:07,1
2021/2/16 15:16,1
2021/2/16 14:21,1
2021/2/16 14:01,1
2021/2/16 13:46,1
2021/2/16 11:58,1
2021/2/16 11:09,1
2021/2/16 10:09,1
2021/2/15 17:13,1
2021/2/15 16:58,1
2021/2/15 12:23,1
2021/2/15 11:39,1
2021/2/15 11:22,1
2021/2/15 10:37,1
2021/2/14 12:34,1
2021/2/12 19:35,1
2021/2/12 19:23,1
2021/2/12 19:04,1
2021/2/12 18:14,1
2021/2/12 13:46,1
2021/2/12 13:44,1
2021/2/11 19:35,1
2021/2/11 13:02,1
2021/2/10 20:46,1
2021/2/10 18:27,1
2021/2/10 17:44,1
2021/2/10 16:11,1
2021/2/10 15:53,1
2021/2/10 15:00,1
2021/2/10 14:36,1
2021/2/10 13:44,1
2021/2/10 13:28,1
2021/2/9 21:19,1
2021/2/9 18:24,1
2021/2/9 18:11,1
2021/2/9 17:41,1
2021/2/9 15:16,1
2021/2/9 9:27,1
2021/2/8 20:11,1
2021/2/8 17:56,1
2021/2/8 17:24,1
2021/2/8 16:57,1
2021/2/8 15:35,1
2021/2/8 14:23,1
2021/2/8 11:50,1
2021/2/8 11:42,1
2021/2/8 11:30,1
2021/2/8 11:15,1
2021/2/8 10:48,1
2021/2/8 9:37,1
2021/2/7 14:28,1
2021/2/7 13:56,1
2021/2/5 18:02,1
2021/2/5 16:25,1
2021/2/5 14:49,1
2021/2/5 14:44,1
2021/2/5 13:28,1
2021/2/5 10:50,1
2021/2/5 10:18,1
2021/2/5 9:45,1
2021/2/5 8:48,1
2021/2/4 21:18,1
2021/2/4 19:35,1
2021/2/4 18:43,1
2021/2/4 18:24,1
2021/2/4 17:27,1
2021/2/4 17:24,1
2021/2/4 15:10,1
2021/2/4 9:59,1
2021/2/4 9:48,1
2021/2/3 17:54,1
2021/2/3 17:16,1
2021/2/3 16:48,1
2021/2/3 16:16,1
2021/2/3 15:24,1
2021/2/3 14:54,1
2021/2/3 14:17,1
2021/2/3 13:35,1
2021/2/3 12:05,1
2021/2/3 12:04,1
2021/2/3 11:42,1
2021/2/3 10:16,1
2021/2/2 18:46,1
2021/2/2 17:04,1
2021/2/2 16:32,1
2021/2/2 11:44,1
2021/2/2 11:29,1
2021/2/2 10:37,1
2021/2/2 9:53,1
2021/2/1 16:52,1
2021/2/1 15:55,1
2021/2/1 15:00,1
2021/2/1 13:34,1
2021/2/1 11:46,1
2021/2/1 11:42,1
2021/2/1 10:46,1
2021/2/1 10:05,1
2021/2/1 9:46,1
2021/1/29 19:01,1
2021/1/29 18:57,1
2021/1/29 18:44,1
2021/1/29 18:09,1
2021/1/29 17:59,1
2021/1/29 17:47,1
2021/1/29 17:43,1
2021/1/29 16:45,1
2021/1/29 16:33,1
2021/1/29 16:08,1
2021/1/29 15:04,1
2021/1/29 14:32,1
2021/1/29 14:17,1
2021/1/29 14:15,1
2021/1/29 12:01,1
2021/1/29 11:37,1
2021/1/29 11:35,1
2021/1/28 18:38,1
2021/1/28 16:59,1
2021/1/28 16:11,1
2021/1/28 15:36,1
2021/1/28 14:10,1
2021/1/28 11:24,1
2021/1/28 9:58,1
2021/1/28 9:46,1
2021/1/28 9:20,1
2021/1/28 8:44,1
2021/1/27 17:46,1
2021/1/27 15:21,1
2021/1/27 14:46,1
2021/1/27 14:23,1
2021/1/26 17:39,1
2021/1/26 17:18,1
2021/1/26 16:29,1
2021/1/26 15:55,1
2021/1/26 13:02,1
2021/1/25 16:05,1
2021/1/25 15:13,1
2021/1/25 11:20,1
2021/1/25 11:01,1
2021/1/22 23:16,1
2021/1/22 19:42,1
2021/1/22 19:41,1
2021/1/22 17:18,1
2021/1/22 16:58,1
2021/1/22 14:54,1
2021/1/22 14:17,1
2021/1/22 13:55,1
2021/1/22 13:24,1
2021/1/22 12:04,1
2021/1/21 16:05,1
2021/1/21 15:07,1
2021/1/21 9:58,1
2021/1/20 18:40,1
2021/1/20 18:18,1
2021/1/20 17:52,1
2021/1/20 16:21,1
2021/1/20 15:59,1
2021/1/20 14:51,1
2021/1/20 13:58,1
2021/1/20 13:11,1
2021/1/20 12:40,1
2021/1/20 11:10,1
2021/1/20 9:40,1
2021/1/20 9:34,1
2021/1/19 21:29,1
2021/1/19 21:18,1
2021/1/19 18:16,1
2021/1/19 17:56,1
2021/1/19 15:17,1
2021/1/19 13:40,1
2021/1/19 12:48,1
2021/1/19 9:56,1
2021/1/18 22:43,1
2021/1/18 14:32,1
2021/1/18 10:55,1
2021/1/18 10:09,1
2021/1/15 19:20,1
2021/1/15 18:07,1
2021/1/15 17:02,1
2021/1/15 16:50,1
2021/1/15 15:14,1
2021/1/15 13:28,1
2021/1/15 10:34,1
2021/1/15 9:24,1
2021/1/15 7:44,1
2021/1/14 18:40,1
2021/1/14 17:05,1
2021/1/14 13:12,1
2021/1/14 11:41,1
2021/1/14 11:30,1
2021/1/14 10:03,1
2021/1/14 9:56,1
2021/1/13 20:38,1
2021/1/13 19:48,1
2021/1/13 17:43,1
2021/1/13 16:08,1
2021/1/13 14:28,1
2021/1/13 11:42,1
2021/1/13 11:10,1
2021/1/13 9:56,1
2021/1/12 18:45,1
2021/1/12 17:55,1
2021/1/12 17:10,1
2021/1/12 17:07,1
2021/1/12 15:38,1
2021/1/12 14:31,1
2021/1/12 13:09,1
2021/1/12 12:20,1
2021/1/12 11:49,1
2021/1/12 10:22,1
2021/1/9 11:26,1
2021/1/8 19:07,1
2021/1/8 15:29,1
2021/1/8 14:32,1
2021/1/8 13:58,1
2021/1/8 13:55,1
2021/1/8 10:16,1
2021/1/8 9:56,1
2021/1/7 20:06,1
2021/1/7 18:33,1
2021/1/7 17:10,1
2021/1/6 18:10,1
2021/1/6 15:58,1
2021/1/6 12:22,1
2021/1/6 9:42,1
2021/1/5 20:06,1
2021/1/5 18:16,1
2021/1/5 16:58,1
2021/1/5 15:15,1
2021/1/5 14:46,1
2021/1/5 14:29,1
2021/1/5 10:13,1
2021/1/5 10:08,1
2021/1/5 8:36,1
2021/1/4 16:55,1
2021/1/4 16:49,1
2021/1/4 10:35,1
